{"cameraMode":{"drawMode":0,"name":"Shaded","section":"Shading Mode"},"sceneLighting":false,"audioPlay":false,"sceneViewState":{"m_AlwaysRefresh":false,"showFog":true,"showSkybox":false,"showFlares":true,"showImageEffects":true,"showParticleSystems":true,"showVisualEffectGraphs":true,"m_FxEnabled":true},"in2DMode":false,"pivot":{"x":13.422795295715332,"y":0.17857415974140168,"z":-13.671123504638672},"rotation":{"x":-0.09912697225809097,"y":0.01999693550169468,"z":-0.001992396777495742,"w":-0.9948727488517761},"size":1.692419409751892,"orthographic":false}