{"cameraMode":{"drawMode":0,"name":"Shaded","section":"Shading Mode"},"sceneLighting":false,"audioPlay":false,"sceneViewState":{"m_AlwaysRefresh":false,"showFog":false,"showSkybox":false,"showFlares":false,"showImageEffects":false,"showParticleSystems":false,"showVisualEffectGraphs":true,"m_FxEnabled":true},"in2DMode":false,"pivot":{"x":-0.09369881451129914,"y":0.7910726070404053,"z":-1.1421643495559693},"rotation":{"x":-0.0031590412836521866,"y":0.9895772337913513,"z":-0.14228971302509309,"w":-0.02197115495800972},"size":1.294289231300354,"orthographic":false}