{"cameraMode":{"drawMode":0,"name":"Shaded","section":"Shading Mode"},"sceneLighting":false,"audioPlay":false,"sceneViewState":{"m_AlwaysRefresh":false,"showFog":true,"showSkybox":false,"showFlares":true,"showImageEffects":true,"showParticleSystems":true,"showVisualEffectGraphs":true,"m_FxEnabled":true},"in2DMode":false,"pivot":{"x":0.00009964519995264709,"y":0.0017753049032762647,"z":0.003278900170698762},"rotation":{"x":0.2371237426996231,"y":0.4360603392124176,"z":-0.1191246509552002,"w":0.8602657914161682},"size":0.007137828040868044,"orthographic":false}