{"cameraMode":{"drawMode":0,"name":"Shaded","section":"Shading Mode"},"sceneLighting":false,"audioPlay":false,"sceneViewState":{"m_AlwaysRefresh":false,"showFog":true,"showSkybox":false,"showFlares":true,"showImageEffects":true,"showParticleSystems":true,"showVisualEffectGraphs":true,"m_FxEnabled":true},"in2DMode":false,"pivot":{"x":10.545153617858887,"y":18.24651527404785,"z":-18.110332489013673},"rotation":{"x":-0.3251904845237732,"y":0.24786996841430665,"z":-0.08873341977596283,"w":-0.9082702994346619},"size":0.06808289140462876,"orthographic":false}