{"cameraMode":{"drawMode":0,"name":"Shaded","section":"Shading Mode"},"sceneLighting":false,"audioPlay":false,"sceneViewState":{"m_AlwaysRefresh":false,"showFog":true,"showSkybox":false,"showFlares":true,"showImageEffects":true,"showParticleSystems":true,"showVisualEffectGraphs":true,"m_FxEnabled":true},"in2DMode":false,"pivot":{"x":-0.00023950543254613876,"y":0.0000015366822481155396,"z":-0.003319050185382366},"rotation":{"x":0.23739956319332124,"y":-0.49200576543807986,"z":0.14256690442562104,"w":0.8257527947425842},"size":0.008243153803050518,"orthographic":false}