{"cameraMode":{"drawMode":0,"name":"Shaded","section":"Shading Mode"},"sceneLighting":false,"audioPlay":false,"sceneViewState":{"m_AlwaysRefresh":false,"showFog":false,"showSkybox":false,"showFlares":false,"showImageEffects":false,"showParticleSystems":false,"showVisualEffectGraphs":true,"m_FxEnabled":true},"in2DMode":false,"pivot":{"x":-0.1912563145160675,"y":0.7914930582046509,"z":0.02672654390335083},"rotation":{"x":-0.0006428217166103423,"y":0.9992820024490356,"z":-0.01979699917137623,"w":-0.03268742188811302},"size":0.7490677237510681,"orthographic":false}