{"cameraMode":{"drawMode":0,"name":"Shaded","section":"Shading Mode"},"sceneLighting":false,"audioPlay":false,"sceneViewState":{"m_AlwaysRefresh":false,"showFog":true,"showSkybox":false,"showFlares":true,"showImageEffects":true,"showParticleSystems":true,"showVisualEffectGraphs":true,"m_FxEnabled":true},"in2DMode":false,"pivot":{"x":2.238576650619507,"y":-1.2909973859786988,"z":-23.540224075317384},"rotation":{"x":0.0025650877505540849,"y":-0.9902814030647278,"z":0.13784609735012055,"w":0.018427656963467599},"size":5.1877875328063969,"orthographic":false}