{"cameraMode":{"drawMode":0,"name":"Shaded","section":"Shading Mode"},"sceneLighting":true,"audioPlay":false,"sceneViewState":{"m_AlwaysRefresh":false,"showFog":true,"showSkybox":true,"showFlares":true,"showImageEffects":true,"showParticleSystems":true,"showVisualEffectGraphs":true,"m_FxEnabled":true},"in2DMode":false,"pivot":{"x":0.6270925998687744,"y":1.4313063621520997,"z":-1.7742723226547242},"rotation":{"x":-0.17464615404605866,"y":-0.05403294041752815,"z":0.009583302773535252,"w":-0.983115017414093},"size":0.9832598567008972,"orthographic":false}