{"cameraMode":{"drawMode":0,"name":"Shaded","section":"Shading Mode"},"sceneLighting":false,"audioPlay":false,"sceneViewState":{"m_AlwaysRefresh":false,"showFog":true,"showSkybox":false,"showFlares":true,"showImageEffects":true,"showParticleSystems":true,"showVisualEffectGraphs":true,"m_FxEnabled":true},"in2DMode":false,"pivot":{"x":-2.6862192153930666,"y":0.000006414949893951416,"z":-0.009478986263275147},"rotation":{"x":0.08243927359580994,"y":0.9119049906730652,"z":-0.3368050456047058,"w":0.22083419561386109},"size":0.7901095747947693,"orthographic":false}