{"cameraMode":{"drawMode":0,"name":"Shaded","section":"Shading Mode"},"sceneLighting":false,"audioPlay":false,"sceneViewState":{"m_AlwaysRefresh":false,"showFog":true,"showSkybox":false,"showFlares":true,"showImageEffects":true,"showParticleSystems":true,"showVisualEffectGraphs":true,"m_FxEnabled":true},"in2DMode":false,"pivot":{"x":-0.0019043050706386567,"y":0.005094802938401699,"z":-0.007853345945477486},"rotation":{"x":0.06592634320259094,"y":0.8251984715461731,"z":-0.09850484132766724,"w":0.5522772073745728},"size":18.835227966308595,"orthographic":false}