{"cameraMode":{"drawMode":0,"name":"Shaded","section":"Shading Mode"},"sceneLighting":false,"audioPlay":false,"sceneViewState":{"m_AlwaysRefresh":false,"showFog":false,"showSkybox":false,"showFlares":false,"showImageEffects":false,"showParticleSystems":false,"showVisualEffectGraphs":true,"m_FxEnabled":true},"in2DMode":false,"pivot":{"x":0.08353264629840851,"y":0.7483417987823486,"z":0.07821157574653626},"rotation":{"x":-0.00031620473600924015,"y":0.9775274395942688,"z":0.0014662932371720672,"w":0.21080464124679566},"size":0.6141234040260315,"orthographic":true}