{"cameraMode":{"drawMode":0,"name":"Shaded","section":"Shading Mode"},"sceneLighting":false,"audioPlay":false,"sceneViewState":{"m_AlwaysRefresh":false,"showFog":true,"showSkybox":false,"showFlares":true,"showImageEffects":true,"showParticleSystems":true,"showVisualEffectGraphs":true,"m_FxEnabled":true},"in2DMode":false,"pivot":{"x":13.047898292541504,"y":0.4838118851184845,"z":-17.855175018310548},"rotation":{"x":-0.004655526019632816,"y":0.9908261895179749,"z":-0.13035398721694947,"w":-0.03538653627038002},"size":3.307111978530884,"orthographic":false}